{
  "properties": {
    "connectionReferences": {
      "shared_conversionservice": {
        "runtimeSource": "embedded",
        "connection": {
          "connectionReferenceLogicalName": "cabata_sharedconversionservice_6717f"
        },
        "api": {
          "name": "shared_conversionservice"
        }
      },
      "shared_office365users": {
        "runtimeSource": "embedded",
        "connection": {
          "connectionReferenceLogicalName": "cabata_sharedoffice365users_fe87a"
        },
        "api": {
          "name": "shared_office365users"
        }
      },
      "shared_office365": {
        "runtimeSource": "embedded",
        "connection": {
          "connectionReferenceLogicalName": "cabata_sharedoffice365_e392a"
        },
        "api": {
          "name": "shared_office365"
        }
      },
      "shared_uiflow_1": {
        "runtimeSource": "embedded",
        "connection": {
          "connectionReferenceLogicalName": "cabata_shareduiflow_ee650"
        },
        "api": {
          "name": "shared_uiflow"
        }
      }
    },
    "definition": {
      "$schema": "https://schema.management.azure.com/providers/Microsoft.Logic/schemas/2016-06-01/workflowdefinition.json#",
      "contentVersion": "1.0.0.0",
      "parameters": {
        "$connections": {
          "defaultValue": {},
          "type": "Object"
        },
        "$authentication": {
          "defaultValue": {},
          "type": "SecureObject"
        }
      },
      "triggers": {
        "When_an_upcoming_event_is_starting_soon_(V3)": {
          "recurrence": {
            "frequency": "Minute",
            "interval": 1
          },
          "splitOn": "@triggerOutputs()?['body/value']",
          "metadata": {
            "operationMetadataId": "a1d92902-6ec6-4482-8d9b-c2e80030aa1e"
          },
          "type": "OpenApiConnection",
          "inputs": {
            "host": {
              "apiId": "/providers/Microsoft.PowerApps/apis/shared_office365",
              "connectionName": "shared_office365",
              "operationId": "OnUpcomingEventsV3"
            },
            "parameters": {
              "table": "AQMkADQ5YjgzNDUyLTEwM2QtNDdkZi1hYjE1LWVhZDBhOTY4NjcyZgBGAAADgrTYCgEt6U606sXmr0klBQcAShzKo8NblE2mrLjmQJ-sLwAAAgEGAAAAShzKo8NblE2mrLjmQJ-sLwAAAjR1AAAA",
              "lookAheadTimeInMinutes": 5
            },
            "authentication": "@parameters('$authentication')"
          }
        }
      },
      "actions": {
        "GetStartTick": {
          "runAfter": {
            "EndTime": [
              "Succeeded"
            ]
          },
          "metadata": {
            "operationMetadataId": "19a5e92e-9dfe-4f0b-b2c8-57e48054dc07"
          },
          "type": "Compose",
          "inputs": "@ticks(body('StartTime'))"
        },
        "EndTime": {
          "runAfter": {
            "StartTime": [
              "Succeeded"
            ]
          },
          "metadata": {
            "operationMetadataId": "953bef40-1dc9-4035-b8fd-e9e97bb0dd0f"
          },
          "type": "Expression",
          "kind": "ConvertTimeZone",
          "inputs": {
            "baseTime": "@triggerOutputs()?['body/end']",
            "formatString": "t",
            "sourceTimeZone": "UTC",
            "destinationTimeZone": "SA Pacific Standard Time"
          }
        },
        "StartTime": {
          "runAfter": {
            "Get_my_profile_(V2)": [
              "Succeeded"
            ]
          },
          "metadata": {
            "operationMetadataId": "4da84adc-a39b-4a73-866b-30c6c7c84abb"
          },
          "type": "Expression",
          "kind": "ConvertTimeZone",
          "inputs": {
            "baseTime": "@triggerOutputs()?['body/start']",
            "formatString": "t",
            "sourceTimeZone": "UTC",
            "destinationTimeZone": "SA Pacific Standard Time"
          }
        },
        "GetEndTick": {
          "runAfter": {
            "GetStartTick": [
              "Succeeded"
            ]
          },
          "metadata": {
            "operationMetadataId": "19a5e92e-9dfe-4f0b-b2c8-57e48054dc07"
          },
          "type": "Compose",
          "inputs": "@ticks(body('EndTime'))"
        },
        "Minutes": {
          "runAfter": {
            "GetEndTick": [
              "Succeeded"
            ]
          },
          "metadata": {
            "operationMetadataId": "a905cae3-27ea-4dcc-8573-cb65baf09cb6"
          },
          "type": "Compose",
          "inputs": "@div(sub(outputs('GetEndTick'),outputs('GetStartTick')),600000000)"
        },
        "Html_to_text": {
          "runAfter": {},
          "metadata": {
            "operationMetadataId": "97f56a89-092a-422d-84a0-070ad9df05e7"
          },
          "type": "OpenApiConnection",
          "inputs": {
            "host": {
              "apiId": "/providers/Microsoft.PowerApps/apis/shared_conversionservice",
              "connectionName": "shared_conversionservice",
              "operationId": "HtmlToText"
            },
            "parameters": {
              "Content": "<p>@{triggerOutputs()?['body/body']}</p>"
            },
            "authentication": "@parameters('$authentication')"
          }
        },
        "JoinURL": {
          "runAfter": {
            "Html_to_text": [
              "Succeeded"
            ]
          },
          "metadata": {
            "operationMetadataId": "c56a46d8-1d45-44f9-8b1b-a70a4921e570"
          },
          "type": "Compose",
          "inputs": "@decodeUriComponent(first(split(last(split(encodeUriComponent(outputs('Html_to_text')?['body']),'g%0A%5B')),'%5D%0AM')))"
        },
        "ClientID": {
          "runAfter": {
            "SecretKey": [
              "Succeeded"
            ]
          },
          "metadata": {
            "operationMetadataId": "ce0099d3-04a4-485a-b95b-db2da066eacd"
          },
          "type": "InitializeVariable",
          "inputs": {
            "variables": [
              {
                "name": "ClientID",
                "type": "string"
              }
            ]
          }
        },
        "SecretKey": {
          "runAfter": {
            "TennantID": [
              "Succeeded"
            ]
          },
          "metadata": {
            "operationMetadataId": "30c05d10-fe7d-4603-83c2-f6f5234f72e8"
          },
          "type": "InitializeVariable",
          "inputs": {
            "variables": [
              {
                "name": "SecretKey",
                "type": "string"
              }
            ]
          }
        },
        "TennantID": {
          "runAfter": {
            "JoinURL": [
              "Succeeded"
            ]
          },
          "metadata": {
            "operationMetadataId": "121c47f9-6809-4b45-be12-3506f39af6dc"
          },
          "type": "InitializeVariable",
          "inputs": {
            "variables": [
              {
                "name": "TennantID",
                "type": "string"
              }
            ]
          }
        },
        "Get_my_profile_(V2)": {
          "runAfter": {
            "GetToken": [
              "Succeeded"
            ]
          },
          "metadata": {
            "operationMetadataId": "14f52871-1465-471c-983b-a9e4b1403012"
          },
          "type": "OpenApiConnection",
          "inputs": {
            "host": {
              "apiId": "/providers/Microsoft.PowerApps/apis/shared_office365users",
              "connectionName": "shared_office365users",
              "operationId": "MyProfile_V2"
            },
            "parameters": {},
            "authentication": "@parameters('$authentication')"
          }
        },
        "GetToken": {
          "runAfter": {
            "ClientID": [
              "Succeeded"
            ]
          },
          "metadata": {
            "operationMetadataId": "200d4afe-dd67-47e5-ba9d-58b6d657df8a"
          },
          "type": "Http",
          "inputs": {
            "method": "POST",
            "uri": "https://login.microsoftonline.com/@{variables('TennantID')}/oauth2/v2.0/token",
            "headers": {
              "Content-Type": "application/x-www-form-urlencoded"
            },
            "body": "client_id=@{variables('ClientID')}&scope=https://graph.microsoft.com/.default&grant_type=client_credentials&client_secret=@{variables('SecretKey')}"
          }
        },
        "GetMeetingUrl": {
          "runAfter": {
            "Delay": [
              "Succeeded"
            ]
          },
          "metadata": {
            "operationMetadataId": "1d36283f-e720-4f07-bde3-0414b72c050c"
          },
          "type": "Http",
          "inputs": {
            "method": "GET",
            "uri": "https://graph.microsoft.com/beta/users/@{outputs('Get_my_profile_(V2)')?['body/id']}/onlineMeetings?$filter=JoinWebUrl%20eq%20'@{outputs('JoinURL')}'",
            "headers": {
              "Authorization": "Bearer @{body('GetToken')['access_token']}",
              "Content-Type": "application/json"
            }
          }
        },
        "GetTranscriptUrl": {
          "runAfter": {
            "GetMeetingUrl": [
              "Succeeded"
            ]
          },
          "metadata": {
            "operationMetadataId": "ac0543e3-ab1c-4cb3-8a3a-7df8a1a7357c"
          },
          "type": "Http",
          "inputs": {
            "method": "GET",
            "uri": "https://graph.microsoft.com/beta/users/@{outputs('Get_my_profile_(V2)')?['body/id']}/onlineMeetings/@{body('GetMeetingUrl')?['value'][0]?['id']}/transcripts/",
            "headers": {
              "Authorization": "Bearer @{body('GetToken')['access_token']}",
              "Content-Type": "application/json"
            }
          }
        },
        "GetTranscriptContent": {
          "runAfter": {
            "GetTranscriptUrl": [
              "Succeeded"
            ]
          },
          "metadata": {
            "operationMetadataId": "ac0543e3-ab1c-4cb3-8a3a-7df8a1a7357c"
          },
          "type": "Http",
          "inputs": {
            "method": "GET",
            "uri": "@{body('GetTranscriptUrl')?['value'][0]?['transcriptContentUrl']}",
            "headers": {
              "Authorization": "Bearer @{body('GetToken')['access_token']}",
              "Content-Type": "application/json"
            }
          }
        },
        "Delay": {
          "runAfter": {
            "Minutes": [
              "Succeeded"
            ]
          },
          "metadata": {
            "operationMetadataId": "2ccb5ff1-ffd7-472b-95f4-9a17df783771"
          },
          "type": "Wait",
          "inputs": {
            "interval": {
              "count": "@add(outputs('Minutes'),5)",
              "unit": "Minute"
            }
          }
        },
        "Run_a_flow_built_with_Power_Automate_for_desktop": {
          "runAfter": {
            "GetTranscriptContent": [
              "Succeeded"
            ]
          },
          "metadata": {
            "operationMetadataId": "1bd84dbb-d345-48c1-81f7-8931b9f64d49"
          },
          "type": "OpenApiConnection",
          "inputs": {
            "host": {
              "apiId": "/providers/Microsoft.PowerApps/apis/shared_uiflow",
              "connectionName": "shared_uiflow_1",
              "operationId": "RunUIFlow_V2"
            },
            "parameters": {
              "uiFlowId": "9ef2081d-efae-48c1-b5a3-6a0022bbefe2",
              "runMode": "attended",
              "item/PowerAutomateURL": "{Make.powerappsURLhere}",
              "item/Content": "@body('GetTranscriptContent')",
              "x-ms-flow-trusted-access": true
            },
            "authentication": "@parameters('$authentication')"
          }
        }
      },
      "outputs": {}
    },
    "templateName": null
  },
  "schemaVersion": "1.0.0.0"
}