<ImportExportXml xmlns:xsi="http://www.w3.org/2001/XMLSchema-instance">
  <Entities></Entities>
  <Roles></Roles>
  <Workflows>
    <Workflow WorkflowId="{9ef2081d-efae-48c1-b5a3-6a0022bbefe2}" Name="CreateFlows">
      <JsonFileName>/Workflows/CreateFlows-9EF2081D-EFAE-48C1-B5A3-6A0022BBEFE2.json</JsonFileName>
      <Type>1</Type>
      <Subprocess>0</Subprocess>
      <Category>6</Category>
      <Mode>0</Mode>
      <Scope>4</Scope>
      <OnDemand>0</OnDemand>
      <TriggerOnCreate>0</TriggerOnCreate>
      <TriggerOnDelete>0</TriggerOnDelete>
      <AsyncAutodelete>0</AsyncAutodelete>
      <SyncWorkflowLogOnFailure>0</SyncWorkflowLogOnFailure>
      <StateCode>1</StateCode>
      <StatusCode>2</StatusCode>
      <RunAs>1</RunAs>
      <IsTransacted>1</IsTransacted>
      <IntroducedVersion>1.0</IntroducedVersion>
      <IsCustomizable>1</IsCustomizable>
      <BusinessProcessType>0</BusinessProcessType>
      <UIFlowType>2</UIFlowType>
      <IsCustomProcessingStepAllowedForOtherPublishers>1</IsCustomProcessingStepAllowedForOtherPublishers>
      <Metadata>{"isvalid":true,"schemaVersion":"ROBIN_20211012","containsActiveConnections":false}</Metadata>
      <Inputs>{"schema":{"properties":{"PowerAutomateURL":{"default":"","description":"","format":null,"title":"PowerAutomateURL","type":"string","value":""},"Content":{"default":"","description":"","format":null,"title":"Content","type":"string","value":""}},"type":"object"}}</Inputs>
      <Outputs>{"schema":null}</Outputs>
      <Dependencies>{"childFlows":[]}</Dependencies>
      <ConnectionReferences>[]</ConnectionReferences>
      <Definition>"@@ConnectionString: ''\r\n@@Type: 'Local'\r\n@@DesktopType: 'local'\r\n@@DisplayName: 'Local computer'\r\nIMPORT 'controlRepo.appmask' AS appmask\r\nIMPORT 'imageRepo.imgrepo' AS imgrepo\r\n@SENSITIVE: []\r\n@INPUT PowerAutomateURL : { 'Description': '', 'FriendlyName': 'PowerAutomateURL', 'DefaultValue': '', 'Type': 'String' } \r\n@INPUT Content : { 'Description': '', 'FriendlyName': 'Content', 'DefaultValue': '', 'Type': 'String' } \r\nWebAutomation.LaunchEdge.LaunchEdge Url: PowerAutomateURL WindowState: WebAutomation.BrowserWindowState.Maximized ClearCache: False ClearCookies: False WaitForPageToLoadTimeout: 60 Timeout: 60 BrowserInstance=&gt; Browser\r\n@@source: 'Recorder'\r\nWebAutomation.Click.Click BrowserInstance: Browser Control: appmask['Web Page \\'h ... 6ea/create\\'']['Span \\'Create\\''] ClickType: WebAutomation.ClickType.LeftClick MouseClick: True\r\n@@source: 'Recorder'\r\nWebAutomation.Click.Click BrowserInstance: Browser Control: appmask['Web Page \\'h ... 6ea/create\\'']['Heading 3 \\'Describe it to design it (preview)\\''] ClickType: WebAutomation.ClickType.LeftClick MouseClick: True\r\nWebAutomation.PopulateTextField.PopulateTextFieldUsePhysicalKeyboard BrowserInstance: Browser Control: appmask['Web Page \\'h ... alLanguage\\'']['Input text \\'TextField295\\''] Text: Content Mode: WebAutomation.PopulateTextMode.Replace UnfocusAfterPopulate: False WaitForPageToLoadTimeout: 60\r\nWAIT 3\r\nMouseAndKeyboard.SendKeys.FocusAndSendKeys TextToSend: $'''{Return}''' DelayBetweenKeystrokes: 10 SendTextAsHardwareKeys: False\r\nWebAutomation.Click.Click BrowserInstance: Browser Control: appmask['Web Page \\'h ... alLanguage\\'']['Span \\'Next\\' 3'] ClickType: WebAutomation.ClickType.LeftClick MouseClick: True WaitForPageToLoadTimeout: 60 MousePositionRelativeToElement: WebAutomation.RectangleEdgePoint.MiddleCenter OffsetX: 0 OffsetY: 0\r\nWebAutomation.Click.Click BrowserInstance: Browser Control: appmask['Web Page \\'h ... alLanguage\\'']['Button \\'Create flow\\''] ClickType: WebAutomation.ClickType.LeftClick MouseClick: True WaitForPageToLoadTimeout: 60 MousePositionRelativeToElement: WebAutomation.RectangleEdgePoint.MiddleCenter OffsetX: 0 OffsetY: 0\r\n# End of autogenerated actions using the recorder\r\nDisplay.ShowMessageDialog.ShowMessage Title: $'''You got a Flow!''' Message: $'''Now you can add your own details in the flow!! Lets Automate the world!''' Icon: Display.Icon.None Buttons: Display.Buttons.OK DefaultButton: Display.DefaultButton.Button1 IsTopMost: False ButtonPressed=&gt; ButtonPressed\r\n# End of autogenerated actions using the recorder\r\n"</Definition>
      <SchemaVersion>2022.06</SchemaVersion>
      <PrimaryEntity>none</PrimaryEntity>
      <LocalizedNames>
        <LocalizedName languagecode="3082" description="CreateFlows" />
      </LocalizedNames>
    </Workflow>
    <Workflow WorkflowId="{1e68902e-aa5d-ee11-8df0-00224836f845}" Name="GetMeeting Info v2">
      <JsonFileName>/Workflows/GetMeetingInfov2-1E68902E-AA5D-EE11-8DF0-00224836F845.json</JsonFileName>
      <Type>1</Type>
      <Subprocess>0</Subprocess>
      <Category>5</Category>
      <Mode>0</Mode>
      <Scope>4</Scope>
      <OnDemand>0</OnDemand>
      <TriggerOnCreate>0</TriggerOnCreate>
      <TriggerOnDelete>0</TriggerOnDelete>
      <AsyncAutodelete>0</AsyncAutodelete>
      <SyncWorkflowLogOnFailure>0</SyncWorkflowLogOnFailure>
      <StateCode>1</StateCode>
      <StatusCode>2</StatusCode>
      <RunAs>1</RunAs>
      <IsTransacted>1</IsTransacted>
      <IntroducedVersion>1.0.0.0</IntroducedVersion>
      <IsCustomizable>1</IsCustomizable>
      <BusinessProcessType>0</BusinessProcessType>
      <IsCustomProcessingStepAllowedForOtherPublishers>1</IsCustomProcessingStepAllowedForOtherPublishers>
      <PrimaryEntity>none</PrimaryEntity>
      <LocalizedNames>
        <LocalizedName languagecode="3082" description="GetMeeting Info v2" />
      </LocalizedNames>
    </Workflow>
  </Workflows>
  <FieldSecurityProfiles></FieldSecurityProfiles>
  <Templates />
  <EntityMaps />
  <EntityRelationships />
  <OrganizationSettings />
  <optionsets />
  <CustomControls />
  <EntityDataProviders />
  <connectionreferences>
    <connectionreference connectionreferencelogicalname="cabata_sharedconversionservice_6717f">
      <connectionreferencedisplayname>Content Conversion AIWeekChristianAbata-6717f</connectionreferencedisplayname>
      <connectorid>/providers/Microsoft.PowerApps/apis/shared_conversionservice</connectorid>
      <iscustomizable>1</iscustomizable>
      <statecode>0</statecode>
      <statuscode>1</statuscode>
    </connectionreference>
    <connectionreference connectionreferencelogicalname="cabata_sharedoffice365_e392a">
      <connectionreferencedisplayname>Office 365 Outlook AIWeekChristianAbata-e392a</connectionreferencedisplayname>
      <connectorid>/providers/Microsoft.PowerApps/apis/shared_office365</connectorid>
      <iscustomizable>1</iscustomizable>
      <statecode>0</statecode>
      <statuscode>1</statuscode>
    </connectionreference>
    <connectionreference connectionreferencelogicalname="cabata_sharedoffice365users_fe87a">
      <connectionreferencedisplayname>Office 365 Users AIWeekChristianAbata-fe87a</connectionreferencedisplayname>
      <connectorid>/providers/Microsoft.PowerApps/apis/shared_office365users</connectorid>
      <iscustomizable>1</iscustomizable>
      <statecode>0</statecode>
      <statuscode>1</statuscode>
    </connectionreference>
    <connectionreference connectionreferencelogicalname="cabata_shareduiflow_ee650">
      <connectionreferencedisplayname>Desktop flows AIWeekChristianAbata-ee650</connectionreferencedisplayname>
      <connectorid>/providers/Microsoft.PowerApps/apis/shared_uiflow</connectorid>
      <iscustomizable>1</iscustomizable>
      <statecode>0</statecode>
      <statuscode>1</statuscode>
    </connectionreference>
  </connectionreferences>
  <Languages>
    <Language>3082</Language>
  </Languages>
</ImportExportXml>